data_frac,trial_i,performance,failed
0.0016378937069540646,6,0.6931471805599453,False
