data_frac,trial_i,performance,failed
0.03162277660168379,13,0.6931471805599453,False
