data_frac,trial_i,performance,failed
0.6105402296585326,11,0.6931471805599453,False
