data_frac,trial_i,performance,failed
0.0016378937069540646,1,0.768962360909908,False
