data_frac,trial_i,performance,failed
0.0071968567300115215,18,0.6958011551827523,False
