data_frac,trial_i,performance,failed
0.08483428982440717,9,0.6504531268573258,False
