data_frac,trial_i,performance,failed
0.0071968567300115215,6,0.7251468714924586,False
