data_frac,trial_i,performance,failed
0.13894954943731375,2,0.6489929912534387,False
