data_frac,trial_i,performance,failed
0.0517947467923121,6,0.6657058238463809,False
