data_frac,trial_i,performance,failed
0.03162277660168379,4,0.6757205260894034,False
