data_frac,trial_i,performance,failed
0.0026826957952797246,12,0.7843657301954784,False
