data_frac,trial_i,performance,failed
0.011787686347935873,18,0.6759205377904544,False
