data_frac,trial_i,performance,failed
0.0026826957952797246,8,0.728740580614329,False
