data_frac,trial_i,performance,failed
0.03162277660168379,14,0.6600184968447566,False
