data_frac,trial_i,performance,failed
0.0026826957952797246,17,0.8120008098951594,False
