data_frac,trial_i,performance,failed
0.22758459260747887,7,0.6473962733634439,False
