data_frac,trial_i,performance,failed
0.004393970560760791,5,0.7647955375616655,True
