data_frac,trial_i,performance,failed
0.0071968567300115215,14,0.7406688290790868,True
