data_frac,trial_i,performance,failed
0.0016378937069540646,2,0.8462030576993209,False
