data_frac,trial_i,performance,failed
0.13894954943731375,14,0.6491627609841182,False
