data_frac,trial_i,performance,failed
0.004393970560760791,12,0.7852723696415955,False
