data_frac,trial_i,performance,failed
0.0026826957952797246,19,0.786698277503395,False
