data_frac,trial_i,performance,failed
0.0071968567300115215,13,0.6972873411899451,False
