data_frac,trial_i,performance,failed
0.011787686347935873,10,0.6961518778522072,False
