data_frac,trial_i,performance,failed
0.011787686347935873,12,0.6968484936465502,False
