data_frac,trial_i,performance,failed
0.6105402296585326,10,0.646018252441663,False
