data_frac,trial_i,performance,failed
0.22758459260747887,12,0.6483400294447783,False
