data_frac,trial_i,performance,failed
0.004393970560760791,16,0.7221067521385924,False
