data_frac,trial_i,performance,failed
0.0517947467923121,15,0.65312557872435,False
