data_frac,trial_i,performance,failed
0.22758459260747887,3,0.6481906092887396,False
