data_frac,trial_i,performance,failed
0.0071968567300115215,1,0.7140060266532776,False
