data_frac,trial_i,performance,failed
0.019306977288832496,9,0.673083770939591,False
