data_frac,trial_i,performance,failed
0.0016378937069540646,13,0.84515382291153,False
