data_frac,trial_i,performance,failed
0.13894954943731375,11,0.6479659596818773,False
