data_frac,trial_i,performance,failed
0.0016378937069540646,19,0.8092135739252505,False
