data_frac,trial_i,performance,failed
0.0026826957952797246,14,0.8043841210659601,True
