data_frac,trial_i,performance,failed
0.0016378937069540646,17,0.7803926535800277,False
