data_frac,trial_i,performance,failed
0.0071968567300115215,3,0.6994533469313322,False
