data_frac,trial_i,performance,failed
0.019306977288832496,3,0.6732056953371053,False
