data_frac,trial_i,performance,failed
0.004393970560760791,4,0.7894052506735403,True
