data_frac,trial_i,performance,failed
0.08483428982440717,18,0.6531780297455414,False
