data_frac,trial_i,performance,failed
0.0026826957952797246,10,0.7782568893623057,True
