data_frac,trial_i,performance,failed
0.0016378937069540646,4,0.7874167044833336,False
