data_frac,trial_i,performance,failed
0.6105402296585326,15,0.6462846731738255,False
