data_frac,trial_i,performance,failed
0.22758459260747887,13,0.6474150446312369,False
