data_frac,trial_i,performance,failed
0.22758459260747887,5,0.6478382700600421,False
