data_frac,trial_i,performance,failed
0.3727593720314938,4,0.6466258357284486,False
