data_frac,trial_i,performance,failed
0.011787686347935873,9,0.700001139229403,False
