data_frac,trial_i,performance,failed
0.13894954943731375,17,0.649783905442678,False
