data_frac,trial_i,performance,failed
0.011787686347935873,4,0.732881182937348,False
