data_frac,trial_i,performance,failed
0.08483428982440717,10,0.6549698917163971,False
