data_frac,trial_i,performance,failed
0.6105402296585326,12,0.6462879815469007,False
