data_frac,trial_i,performance,failed
0.004393970560760791,1,0.7209964622305802,False
