data_frac,trial_i,performance,failed
0.08483428982440717,2,0.652195397949784,False
