data_frac,trial_i,performance,failed
0.0026826957952797246,15,0.7831033271383862,True
