data_frac,trial_i,performance,failed
0.6105402296585326,19,0.6465558014691762,False
