data_frac,trial_i,performance,failed
0.3727593720314938,9,0.6465414224065258,False
