data_frac,trial_i,performance,failed
0.004393970560760791,7,0.7327028123136838,False
