data_frac,trial_i,performance,failed
0.0016378937069540646,14,0.8198305330416573,True
