data_frac,trial_i,performance,failed
0.3727593720314938,5,0.6470165138204079,False
