data_frac,trial_i,performance,failed
0.0016378937069540646,3,0.749650226087737,False
