data_frac,trial_i,performance,failed
0.22758459260747887,2,0.6478358507480698,False
