data_frac,trial_i,performance,failed
0.004393970560760791,2,0.7305095988211564,False
