data_frac,trial_i,performance,failed
0.0016378937069540646,15,0.7835892388779631,True
