data_frac,trial_i,performance,failed
0.011787686347935873,1,0.7039012301922425,True
