data_frac,trial_i,performance,failed
0.3727593720314938,3,0.6469581027104465,False
