data_frac,trial_i,performance,failed
0.22758459260747887,19,0.6491969061074822,False
