data_frac,trial_i,performance,failed
0.0517947467923121,2,0.6567631379321236,False
