data_frac,trial_i,performance,failed
0.13894954943731375,13,0.6482583178525886,False
