data_frac,trial_i,performance,failed
0.03162277660168379,1,0.659879817444732,False
