data_frac,trial_i,performance,failed
0.0517947467923121,8,0.6592349921012508,False
