data_frac,trial_i,performance,failed
0.6105402296585326,1,0.6462770399196592,False
