data_frac,trial_i,performance,failed
0.0517947467923121,11,0.6581201260982433,False
