data_frac,trial_i,performance,failed
0.13894954943731375,18,0.6493333934246003,False
