data_frac,trial_i,performance,failed
0.0026826957952797246,8,0.7921769761025493,False
