data_frac,trial_i,performance,failed
0.0026826957952797246,6,0.8758920821023152,True
