data_frac,trial_i,performance,failed
0.0026826957952797246,5,0.7521838087319965,False
