data_frac,trial_i,performance,failed
0.08483428982440717,19,0.6546880069413256,False
