data_frac,trial_i,performance,failed
0.0517947467923121,1,0.6541912143090503,False
