data_frac,trial_i,performance,failed
0.004393970560760791,12,0.7273257534572263,False
