data_frac,trial_i,performance,failed
0.03162277660168379,13,0.6662046352308505,False
