data_frac,trial_i,performance,failed
0.6105402296585326,17,0.646126973061186,False
