data_frac,trial_i,performance,failed
0.3727593720314938,17,0.646614313487554,False
