data_frac,trial_i,performance,failed
0.0071968567300115215,18,0.7081813884901453,True
