data_frac,trial_i,performance,failed
0.13894954943731375,16,0.6492004472020892,False
