data_frac,trial_i,performance,failed
0.019306977288832496,17,0.6764550405423129,False
