data_frac,trial_i,performance,failed
0.0016378937069540646,11,0.773264420810706,True
