data_frac,trial_i,performance,failed
0.03162277660168379,12,0.6570762816067678,False
