data_frac,trial_i,performance,failed
0.3727593720314938,10,0.6464204145372933,False
