data_frac,trial_i,performance,failed
0.004393970560760791,10,0.7853204386091611,True
