data_frac,trial_i,performance,failed
0.0016378937069540646,1,0.7756509199665969,True
