data_frac,trial_i,performance,failed
0.0071968567300115215,7,0.7451147052058363,False
