data_frac,trial_i,performance,failed
0.0026826957952797246,12,0.7261829129919235,False
