data_frac,trial_i,performance,failed
0.6105402296585326,13,0.645828446478365,False
