data_frac,trial_i,performance,failed
0.0026826957952797246,2,0.7719790573746728,False
