data_frac,trial_i,performance,failed
0.011787686347935873,11,0.6801541021059253,True
