data_frac,trial_i,performance,failed
0.004393970560760791,14,0.712329273221366,False
