data_frac,trial_i,performance,failed
0.0517947467923121,8,0.6599949029746751,False
