data_frac,trial_i,performance,failed
0.3727593720314938,0,0.6466645639137713,False
