data_frac,trial_i,performance,failed
0.6105402296585326,18,0.646082836232805,False
