data_frac,trial_i,performance,failed
0.6105402296585326,16,0.6461433911970806,False
