data_frac,trial_i,performance,failed
0.03162277660168379,2,0.6656879742578083,False
