data_frac,trial_i,performance,failed
0.08483428982440717,15,0.6558388892056355,False
