data_frac,trial_i,performance,failed
0.0016378937069540646,17,0.782160151310624,False
