data_frac,trial_i,performance,failed
0.0071968567300115215,9,0.73864144819887,False
