data_frac,trial_i,performance,failed
0.019306977288832496,15,0.674166182705589,True
