data_frac,trial_i,performance,failed
0.0026826957952797246,14,0.7634483048896041,True
