data_frac,trial_i,performance,failed
0.03162277660168379,10,0.6594364040125893,False
