data_frac,trial_i,performance,failed
0.08483428982440717,6,0.6526400476600601,False
