data_frac,trial_i,performance,failed
0.13894954943731375,11,0.6501277718988826,False
