data_frac,trial_i,performance,failed
0.0071968567300115215,14,0.7038726883791031,False
