data_frac,trial_i,performance,failed
0.6105402296585326,8,0.6461030501976288,False
