data_frac,trial_i,performance,failed
0.011787686347935873,9,0.6895072072842854,False
