data_frac,trial_i,performance,failed
0.011787686347935873,6,0.7029507140717822,False
