data_frac,trial_i,performance,failed
0.0071968567300115215,10,0.6935599902058647,False
