data_frac,trial_i,performance,failed
0.03162277660168379,3,0.6618486517559364,False
