data_frac,trial_i,performance,failed
0.13894954943731375,4,0.6499047807682496,False
