data_frac,trial_i,performance,failed
0.08483428982440717,11,0.6537185508551604,False
