data_frac,trial_i,performance,failed
0.0071968567300115215,11,0.7064912759618879,True
