data_frac,trial_i,performance,failed
0.0016378937069540646,12,0.7441578395912264,False
