data_frac,trial_i,performance,failed
0.011787686347935873,2,0.7266553367930625,False
