data_frac,trial_i,performance,failed
0.0026826957952797246,9,0.7945795400705908,False
