data_frac,trial_i,performance,failed
0.03162277660168379,6,0.6622249274810126,False
