data_frac,trial_i,performance,failed
0.0016378937069540646,8,0.766199205550382,False
