data_frac,trial_i,performance,failed
0.13894954943731375,6,0.6505630145030538,False
