data_frac,trial_i,performance,failed
0.011787686347935873,8,0.6843907358781475,False
