data_frac,trial_i,performance,failed
0.011787686347935873,1,0.6771764369609194,False
