data_frac,trial_i,performance,failed
0.22758459260747887,9,0.6492451250265175,False
