data_frac,trial_i,performance,failed
0.0071968567300115215,1,0.7060132234496768,False
