data_frac,trial_i,performance,failed
0.08483428982440717,12,0.6511205844715489,False
