data_frac,trial_i,performance,failed
0.004393970560760791,2,0.7615219747139246,False
