data_frac,trial_i,performance,failed
0.004393970560760791,3,0.8038618105575254,False
