data_frac,trial_i,performance,failed
0.004393970560760791,0,0.746865847864134,True
