data_frac,trial_i,performance,failed
0.6105402296585326,11,0.6460714128069734,False
