data_frac,trial_i,performance,failed
0.019306977288832496,19,0.6735011093410469,False
