data_frac,trial_i,performance,failed
0.22758459260747887,4,0.6474465019478701,False
