data_frac,trial_i,performance,failed
0.0071968567300115215,2,0.7630942410609671,False
