data_frac,trial_i,performance,failed
0.011787686347935873,3,0.7057110023143436,False
