data_frac,trial_i,performance,failed
0.004393970560760791,7,0.7459145813762014,False
