data_frac,trial_i,performance,failed
0.004393970560760791,11,0.7356130247555938,True
