data_frac,trial_i,performance,failed
0.019306977288832496,6,0.6756773597834709,False
