data_frac,trial_i,performance,failed
0.004393970560760791,1,0.7425564165784051,False
