data_frac,trial_i,performance,failed
0.011787686347935873,14,0.6834779745312477,False
