data_frac,trial_i,performance,failed
0.22758459260747887,15,0.6473550510541359,False
