data_frac,trial_i,performance,failed
0.0026826957952797246,19,0.7736434081973848,True
