data_frac,trial_i,performance,failed
0.3727593720314938,6,0.646379051709746,False
