data_frac,trial_i,performance,failed
0.13894954943731375,13,0.649581349444362,False
