data_frac,trial_i,performance,failed
0.0026826957952797246,17,0.765987508729975,True
