data_frac,trial_i,performance,failed
0.22758459260747887,6,0.647264168326764,False
