data_frac,trial_i,performance,failed
0.019306977288832496,7,0.6730756150063594,False
