data_frac,trial_i,performance,failed
0.0026826957952797246,10,0.7446298408201514,True
