data_frac,trial_i,performance,failed
0.0071968567300115215,4,0.6927280652227585,False
