data_frac,trial_i,performance,failed
0.22758459260747887,2,0.6489195874366794,False
