data_frac,trial_i,performance,failed
0.6105402296585326,2,0.6461204611098111,False
