data_frac,trial_i,performance,failed
0.011787686347935873,12,0.7031605372039433,False
