data_frac,trial_i,performance,failed
0.13894954943731375,17,0.6495680182339059,False
