data_frac,trial_i,performance,failed
0.3727593720314938,1,0.64652099197164,False
