data_frac,trial_i,performance,failed
0.0517947467923121,11,0.6514971467499593,False
