data_frac,trial_i,performance,failed
0.22758459260747887,12,0.6480406673352542,False
