data_frac,trial_i,performance,failed
0.22758459260747887,1,0.6475617508331505,False
