data_frac,trial_i,performance,failed
0.22758459260747887,5,0.6473687561753068,False
