data_frac,trial_i,performance,failed
0.0026826957952797246,12,0.7572127098059285,False
