data_frac,trial_i,performance,failed
0.0517947467923121,17,0.6564346717863002,False
