data_frac,trial_i,performance,failed
0.011787686347935873,6,0.6903550061156922,False
