data_frac,trial_i,performance,failed
0.0026826957952797246,16,0.8400952010859738,True
