data_frac,trial_i,performance,failed
0.004393970560760791,19,0.7598227980598409,False
