data_frac,trial_i,performance,failed
0.0071968567300115215,5,0.6860152302351229,False
