data_frac,trial_i,performance,failed
0.004393970560760791,1,0.7279975982929989,False
