data_frac,trial_i,performance,failed
0.03162277660168379,8,0.6612457237672883,True
