data_frac,trial_i,performance,failed
0.22758459260747887,17,0.6476780647688773,False
