data_frac,trial_i,performance,failed
0.0016378937069540646,6,0.7399182810908992,False
