data_frac,trial_i,performance,failed
0.0517947467923121,5,0.6534175617171393,False
