data_frac,trial_i,performance,failed
0.03162277660168379,4,0.658649004047054,False
