data_frac,trial_i,performance,failed
0.0071968567300115215,6,0.7378253451638657,False
