data_frac,trial_i,performance,failed
0.6105402296585326,12,0.6464873401032458,False
