data_frac,trial_i,performance,failed
0.0026826957952797246,14,0.766154101330655,True
