data_frac,trial_i,performance,failed
0.0026826957952797246,1,0.7664206743246859,False
