data_frac,trial_i,performance,failed
0.0517947467923121,16,0.6542569078396318,False
