data_frac,trial_i,performance,failed
0.03162277660168379,9,0.6658199127497225,False
