data_frac,trial_i,performance,failed
0.0016378937069540646,7,0.8623622194051969,False
