data_frac,trial_i,performance,failed
0.0026826957952797246,2,0.7695048016157651,False
