data_frac,trial_i,performance,failed
0.019306977288832496,18,0.6817299365283829,False
