data_frac,trial_i,performance,failed
0.6105402296585326,5,0.6459019057255132,False
