data_frac,trial_i,performance,failed
0.3727593720314938,0,0.647263836646773,False
