data_frac,trial_i,performance,failed
0.22758459260747887,8,0.6473894371686294,False
