data_frac,trial_i,performance,failed
0.004393970560760791,16,0.8056738716197279,False
