data_frac,trial_i,performance,failed
0.019306977288832496,8,0.6743292328847877,False
