data_frac,trial_i,performance,failed
0.6105402296585326,6,0.6459077548958112,False
