data_frac,trial_i,performance,failed
0.0517947467923121,0,0.652627201714953,False
