data_frac,trial_i,performance,failed
0.0016378937069540646,13,0.8125903674169959,False
