data_frac,trial_i,performance,failed
0.0071968567300115215,9,0.7194621879462889,False
