data_frac,trial_i,performance,failed
0.6105402296585326,9,0.6463208083861613,False
