data_frac,trial_i,performance,failed
0.3727593720314938,16,0.6468860505215344,False
