data_frac,trial_i,performance,failed
0.004393970560760791,14,0.7465972880855268,False
