data_frac,trial_i,performance,failed
0.08483428982440717,19,0.6537811742454112,False
