data_frac,trial_i,performance,failed
0.03162277660168379,2,0.6727595122559316,False
