data_frac,trial_i,performance,failed
0.004393970560760791,9,0.7634441882752553,True
