data_frac,trial_i,performance,failed
0.0016378937069540646,14,0.7746813594025014,False
