data_frac,trial_i,performance,failed
0.3727593720314938,15,0.6463386006053733,False
