data_frac,trial_i,performance,failed
0.08483428982440717,0,0.6485394895353138,False
