data_frac,trial_i,performance,failed
0.08483428982440717,7,0.6515949717897385,False
