data_frac,trial_i,performance,failed
0.0071968567300115215,19,0.7159959213424063,False
