data_frac,trial_i,performance,failed
0.011787686347935873,14,0.7014506108775611,False
