data_frac,trial_i,performance,failed
0.004393970560760791,13,0.7358646342375574,False
