data_frac,trial_i,performance,failed
0.011787686347935873,18,0.6900234613124325,False
