data_frac,trial_i,performance,failed
0.0071968567300115215,14,0.7289422329037687,False
