data_frac,trial_i,performance,failed
0.3727593720314938,8,0.6467467735390761,False
