data_frac,trial_i,performance,failed
0.3727593720314938,19,0.6461638929780928,False
