data_frac,trial_i,performance,failed
0.011787686347935873,10,0.6956284518540783,True
