data_frac,trial_i,performance,failed
0.3727593720314938,17,0.6466469937563897,False
