data_frac,trial_i,performance,failed
0.0071968567300115215,3,0.732431810204557,False
