data_frac,trial_i,performance,failed
0.0016378937069540646,19,0.7883464664357942,False
