data_frac,trial_i,performance,failed
0.03162277660168379,17,0.663987991441205,False
