data_frac,trial_i,performance,failed
0.019306977288832496,11,0.6931471805599453,False
