data_frac,trial_i,performance,failed
0.3727593720314938,10,0.6465648969267543,False
