data_frac,trial_i,performance,failed
0.13894954943731375,5,0.6491063389204204,False
