data_frac,trial_i,performance,failed
0.08483428982440717,0,0.6548597221262566,False
