data_frac,trial_i,performance,failed
0.0016378937069540646,18,0.8795867231836205,False
