data_frac,trial_i,performance,failed
0.019306977288832496,13,0.6772586214771155,False
