data_frac,trial_i,performance,failed
0.3727593720314938,17,0.6471396677787841,False
