data_frac,trial_i,performance,failed
0.0071968567300115215,5,0.7311230799511946,False
