data_frac,trial_i,performance,failed
0.004393970560760791,15,0.7458783392503716,False
