data_frac,trial_i,performance,failed
0.13894954943731375,7,0.6508215339614587,False
