data_frac,trial_i,performance,failed
0.0517947467923121,0,0.6620587355330084,False
