data_frac,trial_i,performance,failed
0.22758459260747887,6,0.6483502040274953,False
