data_frac,trial_i,performance,failed
0.08483428982440717,18,0.6517193716572733,False
