data_frac,trial_i,performance,failed
0.0517947467923121,5,0.6558202343693927,False
