data_frac,trial_i,performance,failed
0.0071968567300115215,14,0.700607538392096,True
