data_frac,trial_i,performance,failed
0.004393970560760791,17,0.7426769245199886,False
