data_frac,trial_i,performance,failed
0.0517947467923121,10,0.6604604869133432,False
