data_frac,trial_i,performance,failed
0.004393970560760791,16,0.724416569253515,False
