data_frac,trial_i,performance,failed
0.6105402296585326,17,0.6461684876337146,False
