data_frac,trial_i,performance,failed
0.08483428982440717,9,0.656767024264546,False
