data_frac,trial_i,performance,failed
0.03162277660168379,5,0.6667972342673055,False
