data_frac,trial_i,performance,failed
0.011787686347935873,15,0.6911504962296977,False
