data_frac,trial_i,performance,failed
0.0026826957952797246,3,0.8462299859592031,True
