data_frac,trial_i,performance,failed
0.08483428982440717,1,0.651996082902036,False
