data_frac,trial_i,performance,failed
0.0016378937069540646,2,0.8108319622812342,True
