data_frac,trial_i,performance,failed
0.004393970560760791,4,0.7797547093568862,False
