data_frac,trial_i,performance,failed
0.13894954943731375,13,0.6498310357942446,False
