data_frac,trial_i,performance,failed
0.03162277660168379,7,0.6781972352081671,False
