data_frac,trial_i,performance,failed
0.03162277660168379,6,0.6715609211173784,False
