data_frac,trial_i,performance,failed
0.03162277660168379,19,0.6603476012421716,False
