data_frac,trial_i,performance,failed
0.019306977288832496,10,0.6837553062003693,False
