data_frac,trial_i,performance,failed
0.3727593720314938,5,0.6471527239299276,False
