data_frac,trial_i,performance,failed
0.0071968567300115215,15,0.707652040460462,False
