data_frac,trial_i,performance,failed
0.03162277660168379,18,0.6583994399667054,False
