data_frac,trial_i,performance,failed
0.004393970560760791,6,0.7418535331037326,False
