data_frac,trial_i,performance,failed
0.08483428982440717,19,0.6505394611248744,False
