data_frac,trial_i,performance,failed
0.03162277660168379,1,0.6630000454741624,False
