data_frac,trial_i,performance,failed
0.13894954943731375,1,0.6487552805225673,False
