data_frac,trial_i,performance,failed
0.011787686347935873,0,0.679674329326521,True
