data_frac,trial_i,performance,failed
0.13894954943731375,11,0.6480865900991787,False
