data_frac,trial_i,performance,failed
0.0071968567300115215,3,0.7098325850162835,False
