data_frac,trial_i,performance,failed
0.004393970560760791,2,0.7403617728059805,False
