data_frac,trial_i,performance,failed
0.011787686347935873,8,0.6880709159056217,False
