data_frac,trial_i,performance,failed
0.22758459260747887,11,0.6472700553956012,False
