data_frac,trial_i,performance,failed
0.011787686347935873,14,0.6916191287395893,False
