data_frac,trial_i,performance,failed
0.011787686347935873,4,0.6774508988499613,False
