data_frac,trial_i,performance,failed
0.0071968567300115215,10,0.7079179120449482,False
