data_frac,trial_i,performance,failed
0.6105402296585326,6,0.6458737527739231,False
