data_frac,trial_i,performance,failed
0.0026826957952797246,18,0.7794181336214632,False
