data_frac,trial_i,performance,failed
0.08483428982440717,11,0.6499711573485967,False
