data_frac,trial_i,performance,failed
0.22758459260747887,19,0.6470343706017989,False
