data_frac,trial_i,performance,failed
0.019306977288832496,3,0.6735025175063137,False
