data_frac,trial_i,performance,failed
0.3727593720314938,18,0.6465231657395881,False
