data_frac,trial_i,performance,failed
0.13894954943731375,10,0.6497402130009857,False
