data_frac,trial_i,performance,failed
0.13894954943731375,6,0.6516482559819774,False
