data_frac,trial_i,performance,failed
0.22758459260747887,5,0.6482275449760628,False
