data_frac,trial_i,performance,failed
0.0026826957952797246,4,0.7727710371362481,False
