data_frac,trial_i,performance,failed
0.0026826957952797246,7,0.8045225058395287,True
