data_frac,trial_i,performance,failed
0.0071968567300115215,11,0.6969089321516964,False
