data_frac,trial_i,performance,failed
0.0016378937069540646,5,0.8516677387235811,False
