data_frac,trial_i,performance,failed
0.0016378937069540646,12,0.8560818147787386,False
