data_frac,trial_i,performance,failed
0.22758459260747887,15,0.6477432181224834,False
