data_frac,trial_i,performance,failed
0.3727593720314938,6,0.6468963484632726,False
