data_frac,trial_i,performance,failed
0.019306977288832496,2,0.6692582868104993,False
