data_frac,trial_i,performance,failed
0.6105402296585326,16,0.6459233048198858,False
