data_frac,trial_i,performance,failed
0.6105402296585326,7,0.646437495477552,False
