data_frac,trial_i,performance,failed
0.011787686347935873,19,0.6795590538169144,False
