data_frac,trial_i,performance,failed
0.03162277660168379,17,0.661334413486814,False
