data_frac,trial_i,performance,failed
0.0026826957952797246,0,0.8047366432764955,False
