data_frac,trial_i,performance,failed
0.0016378937069540646,15,0.8858167967912838,True
