data_frac,trial_i,performance,failed
0.011787686347935873,10,0.7045622155644614,True
