data_frac,trial_i,performance,failed
0.6105402296585326,3,0.6464006061517679,False
