data_frac,trial_i,performance,failed
0.0016378937069540646,10,0.8237108140164822,False
