data_frac,trial_i,performance,failed
0.08483428982440717,12,0.6510415841782614,False
