data_frac,trial_i,performance,failed
0.0016378937069540646,15,0.783871511354724,False
