data_frac,trial_i,performance,failed
0.011787686347935873,0,0.7007274180201654,False
