data_frac,trial_i,performance,failed
0.0517947467923121,13,0.6558877942632256,False
