data_frac,trial_i,performance,failed
0.22758459260747887,7,0.6490211805903122,False
