data_frac,trial_i,performance,failed
0.3727593720314938,0,0.6461424975335995,False
