data_frac,trial_i,performance,failed
0.011787686347935873,19,0.6818540195721661,False
