data_frac,trial_i,performance,failed
0.13894954943731375,5,0.6487700421117715,False
