data_frac,trial_i,performance,failed
0.0517947467923121,2,0.6510995757089023,False
