data_frac,trial_i,performance,failed
0.0026826957952797246,3,0.748682552989139,True
