data_frac,trial_i,performance,failed
0.08483428982440717,15,0.6530011451010029,False
