data_frac,trial_i,performance,failed
0.03162277660168379,4,0.6562886715757263,False
