data_frac,trial_i,performance,failed
0.13894954943731375,0,0.6506857351193046,False
