data_frac,trial_i,performance,failed
0.6105402296585326,14,0.6462713354004368,False
