data_frac,trial_i,performance,failed
0.03162277660168379,15,0.6648879833720178,False
