data_frac,trial_i,performance,failed
0.0071968567300115215,19,0.6955545959597847,False
