data_frac,trial_i,performance,failed
0.0071968567300115215,8,0.700716315459607,False
