data_frac,trial_i,performance,failed
0.0016378937069540646,14,0.7941364262797357,False
