data_frac,trial_i,performance,failed
0.3727593720314938,17,0.6468943778511649,False
