data_frac,trial_i,performance,failed
0.0071968567300115215,6,0.6958329817923943,True
