data_frac,trial_i,performance,failed
0.22758459260747887,14,0.6471690331415162,False
