data_frac,trial_i,performance,failed
0.22758459260747887,0,0.6473539658027545,False
