data_frac,trial_i,performance,failed
0.3727593720314938,14,0.6465031604260297,False
