data_frac,trial_i,performance,failed
0.0071968567300115215,15,0.7114446510676115,False
