data_frac,trial_i,performance,failed
0.011787686347935873,6,0.692210903990528,False
