data_frac,trial_i,performance,failed
0.019306977288832496,13,0.680466264674671,False
