data_frac,trial_i,performance,failed
0.004393970560760791,0,0.7883695465908175,True
