data_frac,trial_i,performance,failed
0.6105402296585326,16,0.6460263018897634,False
