data_frac,trial_i,performance,failed
0.0517947467923121,16,0.6609481367374753,False
