data_frac,trial_i,performance,failed
0.03162277660168379,16,0.6673615997917413,False
