data_frac,trial_i,performance,failed
0.019306977288832496,12,0.6774001745969465,False
