data_frac,trial_i,performance,failed
0.0026826957952797246,11,0.863142151911072,False
