data_frac,trial_i,performance,failed
0.0071968567300115215,0,0.764997304055003,True
