data_frac,trial_i,performance,failed
0.0016378937069540646,18,0.7737419754223587,False
