data_frac,trial_i,performance,failed
0.0016378937069540646,11,0.8445150485857315,False
