data_frac,trial_i,performance,failed
0.08483428982440717,3,0.6558033678785867,False
