data_frac,trial_i,performance,failed
0.13894954943731375,2,0.6472784641975977,False
