data_frac,trial_i,performance,failed
0.019306977288832496,0,0.6778975198449153,False
