data_frac,trial_i,performance,failed
0.004393970560760791,8,0.7432167196452655,False
