data_frac,trial_i,performance,failed
0.011787686347935873,3,0.6815890052188329,False
