data_frac,trial_i,performance,failed
0.3727593720314938,3,0.6470419253662382,False
