data_frac,trial_i,performance,failed
0.0016378937069540646,1,0.7587126082381728,False
