data_frac,trial_i,performance,failed
0.0026826957952797246,6,0.736816673872968,False
