data_frac,trial_i,performance,failed
0.0026826957952797246,0,0.8416245778308765,True
