data_frac,trial_i,performance,failed
0.0517947467923121,19,0.65697202703272,False
