data_frac,trial_i,performance,failed
0.22758459260747887,18,0.6491303707861502,False
