data_frac,trial_i,performance,failed
0.004393970560760791,18,0.7290688275629614,False
