data_frac,trial_i,performance,failed
0.019306977288832496,1,0.6938818506271467,False
