data_frac,trial_i,performance,failed
0.6105402296585326,1,0.6456107733738514,False
