data_frac,trial_i,performance,failed
0.004393970560760791,9,0.7841783423612112,True
