data_frac,trial_i,performance,failed
0.019306977288832496,19,0.6729840972404669,False
