data_frac,trial_i,performance,failed
0.004393970560760791,12,0.7319087594798391,False
