data_frac,trial_i,performance,failed
0.0071968567300115215,17,0.7124088173115374,False
