data_frac,trial_i,performance,failed
0.004393970560760791,17,0.7707661666179192,False
