data_frac,trial_i,performance,failed
0.08483428982440717,9,0.6498677215477595,False
