data_frac,trial_i,performance,failed
0.08483428982440717,19,0.6515860618178806,False
