data_frac,trial_i,performance,failed
0.011787686347935873,18,0.7068731736778004,False
