data_frac,trial_i,performance,failed
0.08483428982440717,0,0.6527390178732532,False
