data_frac,trial_i,performance,failed
0.0517947467923121,9,0.6512289814165497,False
