data_frac,trial_i,performance,failed
0.0026826957952797246,18,0.7435445589484643,True
