data_frac,trial_i,performance,failed
0.08483428982440717,6,0.6518273295698928,False
