data_frac,trial_i,performance,failed
0.0517947467923121,8,0.6578162708276246,False
