data_frac,trial_i,performance,failed
0.6105402296585326,0,0.6457288584490732,False
