data_frac,trial_i,performance,failed
0.019306977288832496,7,0.6785650308913884,False
