data_frac,trial_i,performance,failed
0.0071968567300115215,18,0.7321218206655976,True
