data_frac,trial_i,performance,failed
0.3727593720314938,6,0.6473771765653202,False
