data_frac,trial_i,performance,failed
0.3727593720314938,7,0.6475214639999022,False
