data_frac,trial_i,performance,failed
0.6105402296585326,7,0.6464555542934501,False
