data_frac,trial_i,performance,failed
0.0071968567300115215,9,0.6931471805599453,False
