data_frac,trial_i,performance,failed
0.0026826957952797246,13,0.6931471805599453,False
