data_frac,trial_i,performance,failed
0.3727593720314938,10,0.6931471805599453,False
