data_frac,trial_i,performance,failed
0.004393970560760791,11,0.6931471805599453,False
