data_frac,trial_i,performance,failed
0.019306977288832496,14,0.6662891798325639,False
