data_frac,trial_i,performance,failed
0.6105402296585326,6,0.6462347296714873,False
