data_frac,trial_i,performance,failed
0.0026826957952797246,17,0.8116838706794496,False
