data_frac,trial_i,performance,failed
0.004393970560760791,6,0.7193440550047371,False
