data_frac,trial_i,performance,failed
0.0517947467923121,6,0.6574527299984757,False
