data_frac,trial_i,performance,failed
0.0016378937069540646,1,0.7268009373402124,False
