data_frac,trial_i,performance,failed
0.08483428982440717,6,0.6533759905177327,False
