data_frac,trial_i,performance,failed
0.3727593720314938,13,0.6464138217632739,False
