data_frac,trial_i,performance,failed
0.0071968567300115215,11,0.7024491219849739,False
