data_frac,trial_i,performance,failed
0.22758459260747887,6,0.6487614704702389,False
