data_frac,trial_i,performance,failed
0.0026826957952797246,13,0.759890658705493,True
