data_frac,trial_i,performance,failed
0.019306977288832496,4,0.674745492838405,False
