data_frac,trial_i,performance,failed
0.0016378937069540646,0,0.75551479923739,False
