data_frac,trial_i,performance,failed
0.0517947467923121,17,0.6537354611520886,False
