data_frac,trial_i,performance,failed
0.0071968567300115215,12,0.702722076332257,False
