data_frac,trial_i,performance,failed
0.0026826957952797246,9,0.822512142689393,True
