data_frac,trial_i,performance,failed
0.004393970560760791,15,0.7514362449102823,False
