data_frac,trial_i,performance,failed
0.0016378937069540646,12,0.7779725395381542,False
