data_frac,trial_i,performance,failed
0.011787686347935873,5,0.6854519032758292,False
