data_frac,trial_i,performance,failed
0.08483428982440717,4,0.6531219224610145,False
