data_frac,trial_i,performance,failed
0.03162277660168379,10,0.6643337571724746,False
