data_frac,trial_i,performance,failed
0.13894954943731375,10,0.6496234904987515,False
