data_frac,trial_i,performance,failed
0.22758459260747887,1,0.6473279765978203,False
