data_frac,trial_i,performance,failed
0.03162277660168379,16,0.6656341401530977,False
