data_frac,trial_i,performance,failed
0.011787686347935873,13,0.6950645738450846,False
