data_frac,trial_i,performance,failed
0.08483428982440717,14,0.6491753231037496,False
