data_frac,trial_i,performance,failed
0.03162277660168379,5,0.6643318447016362,False
