data_frac,trial_i,performance,failed
0.0517947467923121,4,0.6548582673194331,False
