data_frac,trial_i,performance,failed
0.019306977288832496,5,0.6809386239930241,False
