data_frac,trial_i,performance,failed
0.004393970560760791,2,0.7380249951323568,True
