data_frac,trial_i,performance,failed
0.08483428982440717,9,0.654795801360526,False
