data_frac,trial_i,performance,failed
0.0026826957952797246,5,0.8187037285602363,False
