data_frac,trial_i,performance,failed
0.0517947467923121,3,0.6597764540894162,False
