data_frac,trial_i,performance,failed
0.004393970560760791,17,0.7453762411010738,False
