data_frac,trial_i,performance,failed
0.08483428982440717,10,0.6529619862898662,False
