data_frac,trial_i,performance,failed
0.004393970560760791,0,0.759119368298432,False
