data_frac,trial_i,performance,failed
0.13894954943731375,0,0.6490181476748533,False
