data_frac,trial_i,performance,failed
0.03162277660168379,13,0.6638050577840103,False
