data_frac,trial_i,performance,failed
0.13894954943731375,9,0.6501357418216038,False
