data_frac,trial_i,performance,failed
0.0016378937069540646,3,0.7633499411863794,False
