data_frac,trial_i,performance,failed
0.011787686347935873,0,0.7021911563437128,False
