data_frac,trial_i,performance,failed
0.22758459260747887,10,0.648219915875211,False
