data_frac,trial_i,performance,failed
0.0026826957952797246,0,0.7594527892179063,False
