data_frac,trial_i,performance,failed
0.08483428982440717,17,0.652964087283152,False
