data_frac,trial_i,performance,failed
0.0517947467923121,19,0.6628073397341159,False
