data_frac,trial_i,performance,failed
0.004393970560760791,14,0.713293264088287,False
