data_frac,trial_i,performance,failed
0.0026826957952797246,15,0.7898573517724804,False
