data_frac,trial_i,performance,failed
0.0016378937069540646,16,0.7602094996033963,False
