data_frac,trial_i,performance,failed
0.0517947467923121,15,0.6557876674431221,False
