data_frac,trial_i,performance,failed
0.22758459260747887,9,0.6480644430637459,False
