data_frac,trial_i,performance,failed
0.011787686347935873,19,0.6890106038382792,False
