data_frac,trial_i,performance,failed
0.0517947467923121,5,0.6584455993159125,False
