data_frac,trial_i,performance,failed
0.0071968567300115215,4,0.690786645762806,False
