data_frac,trial_i,performance,failed
0.03162277660168379,1,0.6667558947875047,False
