data_frac,trial_i,performance,failed
0.0517947467923121,10,0.6572361541854095,False
