data_frac,trial_i,performance,failed
0.0016378937069540646,15,0.7759240769597019,True
