data_frac,trial_i,performance,failed
0.0016378937069540646,9,0.8535413116805938,True
