data_frac,trial_i,performance,failed
0.3727593720314938,17,0.6465157526720896,False
