data_frac,trial_i,performance,failed
0.0016378937069540646,2,0.7541291936402016,False
