data_frac,trial_i,performance,failed
0.0517947467923121,14,0.6536168312695031,False
