data_frac,trial_i,performance,failed
0.08483428982440717,8,0.6533578578832248,False
