data_frac,trial_i,performance,failed
0.22758459260747887,16,0.6473635917283811,False
