data_frac,trial_i,performance,failed
0.22758459260747887,14,0.6467597765045172,False
